regime,resource,coupling,role,source,destination,file_count,bytes
article_both_losses,wigner,gaussian_zeta,full_scan,/Users/cesar/Research/time-dependent-coupling-open/results/wigner_gauss4,/Users/cesar/Research/time-dependent-coupling-open/results/paper_dataset_consolidated1/article_both_losses/wigner/gaussian_zeta/full_scan,15571,2372982746
article_both_losses,wigner,gaussian_zeta,selected_expected_values,/Users/cesar/Research/time-dependent-coupling-open/results/expected_values_all_cases_xy/expected_values_all_cases_xy1/fig4_wigner_gauss_epsilon,/Users/cesar/Research/time-dependent-coupling-open/results/paper_dataset_consolidated1/article_both_losses/wigner/gaussian_zeta/selected_expected_values,93,702419
article_both_losses,wigner,gaussian_zeta,all_time_wigner,/Users/cesar/Research/time-dependent-coupling-open/results/wigner_gauss_var_ep,/Users/cesar/Research/time-dependent-coupling-open/results/paper_dataset_consolidated1/article_both_losses/wigner/gaussian_zeta/all_time_wigner,842,515143461
article_both_losses,wigner,gaussian_zeta,current_article_figure,/Users/cesar/Research/time-dependent-coupling-open/sistema_aberto_acoplamento_variavel/wolfram_plots/wigner_plots/densityplot_gauss4_wigner.pdf,/Users/cesar/Research/time-dependent-coupling-open/results/paper_dataset_consolidated1/article_both_losses/wigner/gaussian_zeta/current_article_figures/densityplot_gauss4_wigner.pdf,1,262426
article_both_losses,wigner,gaussian_zeta,current_article_figure,/Users/cesar/Research/time-dependent-coupling-open/sistema_aberto_acoplamento_variavel/wolfram_plots/wigner_plots/plottimeev_gauss4_wigner.pdf,/Users/cesar/Research/time-dependent-coupling-open/results/paper_dataset_consolidated1/article_both_losses/wigner/gaussian_zeta/current_article_figures/plottimeev_gauss4_wigner.pdf,1,27969
article_both_losses,wigner,gaussian_T,full_scan,/Users/cesar/Research/time-dependent-coupling-open/results/wigner_gauss6,/Users/cesar/Research/time-dependent-coupling-open/results/paper_dataset_consolidated1/article_both_losses/wigner/gaussian_T/full_scan,6271,953125860
article_both_losses,wigner,gaussian_T,selected_expected_values,/Users/cesar/Research/time-dependent-coupling-open/results/expected_values_all_cases_xy/expected_values_all_cases_xy1/fig5_wigner_gauss_T,/Users/cesar/Research/time-dependent-coupling-open/results/paper_dataset_consolidated1/article_both_losses/wigner/gaussian_T/selected_expected_values,93,701306
article_both_losses,wigner,gaussian_T,all_time_wigner,/Users/cesar/Research/time-dependent-coupling-open/results/wigner_gauss_gauss_var_T,/Users/cesar/Research/time-dependent-coupling-open/results/paper_dataset_consolidated1/article_both_losses/wigner/gaussian_T/all_time_wigner,842,515326448
article_both_losses,wigner,gaussian_T,current_article_figure,/Users/cesar/Research/time-dependent-coupling-open/sistema_aberto_acoplamento_variavel/wolfram_plots/wigner_plots/densityplot_gauss6_wigner.pdf,/Users/cesar/Research/time-dependent-coupling-open/results/paper_dataset_consolidated1/article_both_losses/wigner/gaussian_T/current_article_figures/densityplot_gauss6_wigner.pdf,1,332087
article_both_losses,wigner,gaussian_T,current_article_figure,/Users/cesar/Research/time-dependent-coupling-open/sistema_aberto_acoplamento_variavel/wolfram_plots/wigner_plots/plottimeev_gauss6_wigner.pdf,/Users/cesar/Research/time-dependent-coupling-open/results/paper_dataset_consolidated1/article_both_losses/wigner/gaussian_T/current_article_figures/plottimeev_gauss6_wigner.pdf,1,27766
article_both_losses,wigner,cosine_omega,full_scan,/Users/cesar/Research/time-dependent-coupling-open/results/wigner_cos1,/Users/cesar/Research/time-dependent-coupling-open/results/paper_dataset_consolidated1/article_both_losses/wigner/cosine_omega/full_scan,6271,959672186
article_both_losses,wigner,cosine_omega,selected_expected_values,/Users/cesar/Research/time-dependent-coupling-open/results/expected_values_all_cases_xy/expected_values_all_cases_xy1/fig6_wigner_cos_omega,/Users/cesar/Research/time-dependent-coupling-open/results/paper_dataset_consolidated1/article_both_losses/wigner/cosine_omega/selected_expected_values,93,700260
article_both_losses,wigner,cosine_omega,all_time_wigner,/Users/cesar/Research/time-dependent-coupling-open/results/wigner_cos_paper_omegas_all_times1,/Users/cesar/Research/time-dependent-coupling-open/results/paper_dataset_consolidated1/article_both_losses/wigner/cosine_omega/all_time_wigner,842,515639932
article_both_losses,wigner,cosine_omega,current_article_figure,/Users/cesar/Research/time-dependent-coupling-open/sistema_aberto_acoplamento_variavel/wolfram_plots/wigner_plots/densityplot_cos1_wigner.pdf,/Users/cesar/Research/time-dependent-coupling-open/results/paper_dataset_consolidated1/article_both_losses/wigner/cosine_omega/current_article_figures/densityplot_cos1_wigner.pdf,1,243489
article_both_losses,wigner,cosine_omega,current_article_figure,/Users/cesar/Research/time-dependent-coupling-open/sistema_aberto_acoplamento_variavel/wolfram_plots/wigner_plots/plottimeev_cos1_wigner.pdf,/Users/cesar/Research/time-dependent-coupling-open/results/paper_dataset_consolidated1/article_both_losses/wigner/cosine_omega/current_article_figures/plottimeev_cos1_wigner.pdf,1,46490
article_both_losses,coherence,gaussian_zeta,full_scan_corrected,/Users/cesar/Research/time-dependent-coupling-open/results/coherence_article_corrected/article_coherence_gauss_zeta,/Users/cesar/Research/time-dependent-coupling-open/results/paper_dataset_consolidated1/article_both_losses/coherence/gaussian_zeta/full_scan_corrected,10,519114
article_both_losses,coherence,gaussian_zeta,selected_expected_values,/Users/cesar/Research/time-dependent-coupling-open/results/expected_values_all_cases_xy/expected_values_all_cases_xy1/fig1_coherence_gauss_epsilon,/Users/cesar/Research/time-dependent-coupling-open/results/paper_dataset_consolidated1/article_both_losses/coherence/gaussian_zeta/selected_expected_values,93,786744
article_both_losses,coherence,gaussian_zeta,current_article_figure,/Users/cesar/Research/time-dependent-coupling-open/sistema_aberto_acoplamento_variavel/wolfram_plots/coerence_plots/densityplotcombinedcoer_gauss4.pdf,/Users/cesar/Research/time-dependent-coupling-open/results/paper_dataset_consolidated1/article_both_losses/coherence/gaussian_zeta/current_article_figures/densityplotcombinedcoer_gauss4.pdf,1,417256
article_both_losses,coherence,gaussian_zeta,current_article_figure,/Users/cesar/Research/time-dependent-coupling-open/sistema_aberto_acoplamento_variavel/wolfram_plots/coerence_plots/plottimeev_gauss4.pdf,/Users/cesar/Research/time-dependent-coupling-open/results/paper_dataset_consolidated1/article_both_losses/coherence/gaussian_zeta/current_article_figures/plottimeev_gauss4.pdf,1,35981
article_both_losses,coherence,gaussian_T,full_scan_corrected,/Users/cesar/Research/time-dependent-coupling-open/results/coherence_article_corrected/article_coherence_gauss_T,/Users/cesar/Research/time-dependent-coupling-open/results/paper_dataset_consolidated1/article_both_losses/coherence/gaussian_T/full_scan_corrected,10,518638
article_both_losses,coherence,gaussian_T,selected_expected_values,/Users/cesar/Research/time-dependent-coupling-open/results/expected_values_all_cases_xy/expected_values_all_cases_xy1/fig2_coherence_gauss_T,/Users/cesar/Research/time-dependent-coupling-open/results/paper_dataset_consolidated1/article_both_losses/coherence/gaussian_T/selected_expected_values,93,785178
article_both_losses,coherence,gaussian_T,current_article_figure,/Users/cesar/Research/time-dependent-coupling-open/sistema_aberto_acoplamento_variavel/wolfram_plots/coerence_plots/densityplotcombinedcoer_gauss6.pdf,/Users/cesar/Research/time-dependent-coupling-open/results/paper_dataset_consolidated1/article_both_losses/coherence/gaussian_T/current_article_figures/densityplotcombinedcoer_gauss6.pdf,1,560468
article_both_losses,coherence,gaussian_T,current_article_figure,/Users/cesar/Research/time-dependent-coupling-open/sistema_aberto_acoplamento_variavel/wolfram_plots/coerence_plots/plottimeev_gauss6.pdf,/Users/cesar/Research/time-dependent-coupling-open/results/paper_dataset_consolidated1/article_both_losses/coherence/gaussian_T/current_article_figures/plottimeev_gauss6.pdf,1,35352
article_both_losses,coherence,cosine_omega,full_scan_corrected,/Users/cesar/Research/time-dependent-coupling-open/results/coherence_article_corrected/article_coherence_cos_omega,/Users/cesar/Research/time-dependent-coupling-open/results/paper_dataset_consolidated1/article_both_losses/coherence/cosine_omega/full_scan_corrected,10,1027600
article_both_losses,coherence,cosine_omega,selected_expected_values,/Users/cesar/Research/time-dependent-coupling-open/results/expected_values_all_cases_xy/expected_values_all_cases_xy1/fig3_coherence_cos_omega,/Users/cesar/Research/time-dependent-coupling-open/results/paper_dataset_consolidated1/article_both_losses/coherence/cosine_omega/selected_expected_values,93,780333
article_both_losses,coherence,cosine_omega,current_article_figure,/Users/cesar/Research/time-dependent-coupling-open/sistema_aberto_acoplamento_variavel/wolfram_plots/coerence_plots/densityplot_cos5_coer.pdf,/Users/cesar/Research/time-dependent-coupling-open/results/paper_dataset_consolidated1/article_both_losses/coherence/cosine_omega/current_article_figures/densityplot_cos5_coer.pdf,1,529858
article_both_losses,coherence,cosine_omega,current_article_figure,/Users/cesar/Research/time-dependent-coupling-open/sistema_aberto_acoplamento_variavel/wolfram_plots/coerence_plots/plottimeev_cos5_coer.pdf,/Users/cesar/Research/time-dependent-coupling-open/results/paper_dataset_consolidated1/article_both_losses/coherence/cosine_omega/current_article_figures/plottimeev_cos5_coer.pdf,1,42940
article_both_losses,magic_W_half,gaussian_zeta,raw_dynamics_legacy_M2,/Users/cesar/Research/time-dependent-coupling-open/results/magic/magic_gauss1,/Users/cesar/Research/time-dependent-coupling-open/results/paper_dataset_consolidated1/article_both_losses/magic_W_half/gaussian_zeta/raw_dynamics_legacy_M2,46,4635501
article_both_losses,magic_W_half,gaussian_zeta,full_scan_W_half,/Users/cesar/Research/time-dependent-coupling-open/results/mixed_state_magic_witnesses/mixed_magic1/derived/magic/magic_gauss1,/Users/cesar/Research/time-dependent-coupling-open/results/paper_dataset_consolidated1/article_both_losses/magic_W_half/gaussian_zeta/full_scan_W_half,8,6422208
article_both_losses,magic_W_half,gaussian_zeta,selected_expected_values,/Users/cesar/Research/time-dependent-coupling-open/results/expected_values_all_cases_xy/expected_values_all_cases_xy1/magic_gauss_epsilon,/Users/cesar/Research/time-dependent-coupling-open/results/paper_dataset_consolidated1/article_both_losses/magic_W_half/gaussian_zeta/selected_expected_values,93,780486
article_both_losses,magic_W_half,gaussian_zeta,selected_W_half,/Users/cesar/Research/time-dependent-coupling-open/results/mixed_state_magic_witnesses/mixed_magic1/derived/expected_values_all_cases_xy/expected_values_all_cases_xy1/magic_gauss_epsilon,/Users/cesar/Research/time-dependent-coupling-open/results/paper_dataset_consolidated1/article_both_losses/magic_W_half/gaussian_zeta/selected_W_half,16,1094765
article_both_losses,magic_W_half,gaussian_zeta,current_article_figure,/Users/cesar/Research/time-dependent-coupling-open/sistema_aberto_acoplamento_variavel/wolfram_plots/magic_plots/densityplot_gauss1_magic.pdf,/Users/cesar/Research/time-dependent-coupling-open/results/paper_dataset_consolidated1/article_both_losses/magic_W_half/gaussian_zeta/current_article_figures/densityplot_gauss1_magic.pdf,1,779571
article_both_losses,magic_W_half,gaussian_zeta,current_article_figure,/Users/cesar/Research/time-dependent-coupling-open/sistema_aberto_acoplamento_variavel/wolfram_plots/magic_plots/plottimeev_gauss1_magic.pdf,/Users/cesar/Research/time-dependent-coupling-open/results/paper_dataset_consolidated1/article_both_losses/magic_W_half/gaussian_zeta/current_article_figures/plottimeev_gauss1_magic.pdf,1,33752
article_both_losses,magic_W_half,gaussian_T,raw_dynamics_legacy_M2,/Users/cesar/Research/time-dependent-coupling-open/results/magic/magic_gauss2,/Users/cesar/Research/time-dependent-coupling-open/results/paper_dataset_consolidated1/article_both_losses/magic_W_half/gaussian_T/raw_dynamics_legacy_M2,46,4610097
article_both_losses,magic_W_half,gaussian_T,full_scan_W_half,/Users/cesar/Research/time-dependent-coupling-open/results/mixed_state_magic_witnesses/mixed_magic1/derived/magic/magic_gauss2,/Users/cesar/Research/time-dependent-coupling-open/results/paper_dataset_consolidated1/article_both_losses/magic_W_half/gaussian_T/full_scan_W_half,8,6380824
article_both_losses,magic_W_half,gaussian_T,selected_expected_values,/Users/cesar/Research/time-dependent-coupling-open/results/expected_values_all_cases_xy/expected_values_all_cases_xy1/magic_gauss_T,/Users/cesar/Research/time-dependent-coupling-open/results/paper_dataset_consolidated1/article_both_losses/magic_W_half/gaussian_T/selected_expected_values,93,780191
article_both_losses,magic_W_half,gaussian_T,selected_W_half,/Users/cesar/Research/time-dependent-coupling-open/results/mixed_state_magic_witnesses/mixed_magic1/derived/expected_values_all_cases_xy/expected_values_all_cases_xy1/magic_gauss_T,/Users/cesar/Research/time-dependent-coupling-open/results/paper_dataset_consolidated1/article_both_losses/magic_W_half/gaussian_T/selected_W_half,16,1093542
article_both_losses,magic_W_half,gaussian_T,current_article_figure,/Users/cesar/Research/time-dependent-coupling-open/sistema_aberto_acoplamento_variavel/wolfram_plots/magic_plots/densityplot_gauss2_magic.pdf,/Users/cesar/Research/time-dependent-coupling-open/results/paper_dataset_consolidated1/article_both_losses/magic_W_half/gaussian_T/current_article_figures/densityplot_gauss2_magic.pdf,1,961241
article_both_losses,magic_W_half,gaussian_T,current_article_figure,/Users/cesar/Research/time-dependent-coupling-open/sistema_aberto_acoplamento_variavel/wolfram_plots/magic_plots/plottimeev_gauss2_magic.pdf,/Users/cesar/Research/time-dependent-coupling-open/results/paper_dataset_consolidated1/article_both_losses/magic_W_half/gaussian_T/current_article_figures/plottimeev_gauss2_magic.pdf,1,32673
article_both_losses,magic_W_half,cosine_omega,raw_dynamics_legacy_M2,/Users/cesar/Research/time-dependent-coupling-open/results/magic/magic_cos1,/Users/cesar/Research/time-dependent-coupling-open/results/paper_dataset_consolidated1/article_both_losses/magic_W_half/cosine_omega/raw_dynamics_legacy_M2,46,8426823
article_both_losses,magic_W_half,cosine_omega,full_scan_W_half,/Users/cesar/Research/time-dependent-coupling-open/results/mixed_state_magic_witnesses/mixed_magic1/derived/magic/magic_cos1,/Users/cesar/Research/time-dependent-coupling-open/results/paper_dataset_consolidated1/article_both_losses/magic_W_half/cosine_omega/full_scan_W_half,8,13668553
article_both_losses,magic_W_half,cosine_omega,selected_expected_values,/Users/cesar/Research/time-dependent-coupling-open/results/expected_values_all_cases_xy/expected_values_all_cases_xy1/magic_cos_omega,/Users/cesar/Research/time-dependent-coupling-open/results/paper_dataset_consolidated1/article_both_losses/magic_W_half/cosine_omega/selected_expected_values,93,779291
article_both_losses,magic_W_half,cosine_omega,selected_W_half,/Users/cesar/Research/time-dependent-coupling-open/results/mixed_state_magic_witnesses/mixed_magic1/derived/expected_values_all_cases_xy/expected_values_all_cases_xy1/magic_cos_omega,/Users/cesar/Research/time-dependent-coupling-open/results/paper_dataset_consolidated1/article_both_losses/magic_W_half/cosine_omega/selected_W_half,16,1117618
article_both_losses,magic_W_half,cosine_omega,current_article_figure,/Users/cesar/Research/time-dependent-coupling-open/sistema_aberto_acoplamento_variavel/wolfram_plots/magic_plots/densityplot_cos1_magic.pdf,/Users/cesar/Research/time-dependent-coupling-open/results/paper_dataset_consolidated1/article_both_losses/magic_W_half/cosine_omega/current_article_figures/densityplot_cos1_magic.pdf,1,730525
article_both_losses,magic_W_half,cosine_omega,current_article_figure,/Users/cesar/Research/time-dependent-coupling-open/sistema_aberto_acoplamento_variavel/wolfram_plots/magic_plots/plottimeev_cos1_magic.pdf,/Users/cesar/Research/time-dependent-coupling-open/results/paper_dataset_consolidated1/article_both_losses/magic_W_half/cosine_omega/current_article_figures/plottimeev_cos1_magic.pdf,1,42861
article_both_losses,entanglement,gaussian_zeta,full_scan,/Users/cesar/Research/time-dependent-coupling-open/results/entanglement_gauss1,/Users/cesar/Research/time-dependent-coupling-open/results/paper_dataset_consolidated1/article_both_losses/entanglement/gaussian_zeta/full_scan,9,1154819
article_both_losses,entanglement,gaussian_zeta,selected_expected_values,/Users/cesar/Research/time-dependent-coupling-open/results/expected_values_all_cases_xy/expected_values_all_cases_xy1/fig7_entanglement_gauss_epsilon,/Users/cesar/Research/time-dependent-coupling-open/results/paper_dataset_consolidated1/article_both_losses/entanglement/gaussian_zeta/selected_expected_values,93,792897
article_both_losses,entanglement,gaussian_zeta,current_article_figure,/Users/cesar/Research/time-dependent-coupling-open/sistema_aberto_acoplamento_variavel/wolfram_plots/entanglement_plots/densityplot_gauss1_ent.pdf,/Users/cesar/Research/time-dependent-coupling-open/results/paper_dataset_consolidated1/article_both_losses/entanglement/gaussian_zeta/current_article_figures/densityplot_gauss1_ent.pdf,1,420533
article_both_losses,entanglement,gaussian_zeta,current_article_figure,/Users/cesar/Research/time-dependent-coupling-open/sistema_aberto_acoplamento_variavel/wolfram_plots/entanglement_plots/plottimeev_gauss1_ent.pdf,/Users/cesar/Research/time-dependent-coupling-open/results/paper_dataset_consolidated1/article_both_losses/entanglement/gaussian_zeta/current_article_figures/plottimeev_gauss1_ent.pdf,1,37768
article_both_losses,entanglement,gaussian_T,full_scan,/Users/cesar/Research/time-dependent-coupling-open/results/entanglement_gauss3,/Users/cesar/Research/time-dependent-coupling-open/results/paper_dataset_consolidated1/article_both_losses/entanglement/gaussian_T/full_scan,9,1154809
article_both_losses,entanglement,gaussian_T,selected_expected_values,/Users/cesar/Research/time-dependent-coupling-open/results/expected_values_all_cases_xy/expected_values_all_cases_xy1/fig8_entanglement_gauss_T,/Users/cesar/Research/time-dependent-coupling-open/results/paper_dataset_consolidated1/article_both_losses/entanglement/gaussian_T/selected_expected_values,93,791647
article_both_losses,entanglement,gaussian_T,current_article_figure,/Users/cesar/Research/time-dependent-coupling-open/sistema_aberto_acoplamento_variavel/wolfram_plots/entanglement_plots/densityplot_gauss3_ent.pdf,/Users/cesar/Research/time-dependent-coupling-open/results/paper_dataset_consolidated1/article_both_losses/entanglement/gaussian_T/current_article_figures/densityplot_gauss3_ent.pdf,1,489899
article_both_losses,entanglement,gaussian_T,current_article_figure,/Users/cesar/Research/time-dependent-coupling-open/sistema_aberto_acoplamento_variavel/wolfram_plots/entanglement_plots/plottimeev_gauss3_ent.pdf,/Users/cesar/Research/time-dependent-coupling-open/results/paper_dataset_consolidated1/article_both_losses/entanglement/gaussian_T/current_article_figures/plottimeev_gauss3_ent.pdf,1,37662
article_both_losses,entanglement,cosine_omega,full_scan,/Users/cesar/Research/time-dependent-coupling-open/results/entanglement_cos6,/Users/cesar/Research/time-dependent-coupling-open/results/paper_dataset_consolidated1/article_both_losses/entanglement/cosine_omega/full_scan,9,2299559
article_both_losses,entanglement,cosine_omega,selected_expected_values,/Users/cesar/Research/time-dependent-coupling-open/results/expected_values_all_cases_xy/expected_values_all_cases_xy1/fig9_entanglement_cos_omega,/Users/cesar/Research/time-dependent-coupling-open/results/paper_dataset_consolidated1/article_both_losses/entanglement/cosine_omega/selected_expected_values,93,787337
article_both_losses,entanglement,cosine_omega,current_article_figure,/Users/cesar/Research/time-dependent-coupling-open/sistema_aberto_acoplamento_variavel/wolfram_plots/entanglement_plots/densityplot_cos6_ent.pdf,/Users/cesar/Research/time-dependent-coupling-open/results/paper_dataset_consolidated1/article_both_losses/entanglement/cosine_omega/current_article_figures/densityplot_cos6_ent.pdf,1,408848
article_both_losses,entanglement,cosine_omega,current_article_figure,/Users/cesar/Research/time-dependent-coupling-open/sistema_aberto_acoplamento_variavel/wolfram_plots/entanglement_plots/plottimeev_cos6_ent.pdf,/Users/cesar/Research/time-dependent-coupling-open/results/paper_dataset_consolidated1/article_both_losses/entanglement/cosine_omega/current_article_figures/plottimeev_cos6_ent.pdf,1,43358
only_dephasing,wigner,gaussian_zeta,full_scan,/Users/cesar/Research/time-dependent-coupling-open/results/lista_simulacoes_open_system/open_system_sims1/only_dephasing_wigner_gauss_zeta,/Users/cesar/Research/time-dependent-coupling-open/results/paper_dataset_consolidated1/only_dephasing/wigner/gaussian_zeta/full_scan,760,8157304
only_dephasing,wigner,gaussian_T,full_scan,/Users/cesar/Research/time-dependent-coupling-open/results/lista_simulacoes_open_system/open_system_sims1/only_dephasing_wigner_gauss_T,/Users/cesar/Research/time-dependent-coupling-open/results/paper_dataset_consolidated1/only_dephasing/wigner/gaussian_T/full_scan,310,3267791
only_dephasing,wigner,cosine_omega,full_scan,/Users/cesar/Research/time-dependent-coupling-open/results/lista_simulacoes_open_system/open_system_sims1/only_dephasing_wigner_cos_omega,/Users/cesar/Research/time-dependent-coupling-open/results/paper_dataset_consolidated1/only_dephasing/wigner/cosine_omega/full_scan,310,3250048
only_dephasing,coherence,gaussian_zeta,full_scan,/Users/cesar/Research/time-dependent-coupling-open/results/lista_simulacoes_open_system/open_system_sims1/only_dephasing_coherence_gauss_zeta,/Users/cesar/Research/time-dependent-coupling-open/results/paper_dataset_consolidated1/only_dephasing/coherence/gaussian_zeta/full_scan,310,6076979
only_dephasing,coherence,gaussian_zeta,corrected_coherence,/Users/cesar/Research/time-dependent-coupling-open/results/correct_coerence/only_dephasing_coherence_gauss_zeta,/Users/cesar/Research/time-dependent-coupling-open/results/paper_dataset_consolidated1/only_dephasing/coherence/gaussian_zeta/corrected_coherence,107,537740
only_dephasing,coherence,gaussian_T,full_scan,/Users/cesar/Research/time-dependent-coupling-open/results/lista_simulacoes_open_system/open_system_sims1/only_dephasing_coherence_gauss_T,/Users/cesar/Research/time-dependent-coupling-open/results/paper_dataset_consolidated1/only_dephasing/coherence/gaussian_T/full_scan,310,6055852
only_dephasing,coherence,gaussian_T,corrected_coherence,/Users/cesar/Research/time-dependent-coupling-open/results/correct_coerence/only_dephasing_coherence_gauss_T,/Users/cesar/Research/time-dependent-coupling-open/results/paper_dataset_consolidated1/only_dephasing/coherence/gaussian_T/corrected_coherence,107,536056
only_dephasing,coherence,cosine_omega,full_scan,/Users/cesar/Research/time-dependent-coupling-open/results/lista_simulacoes_open_system/open_system_sims1/only_dephasing_coherence_cos_omega,/Users/cesar/Research/time-dependent-coupling-open/results/paper_dataset_consolidated1/only_dephasing/coherence/cosine_omega/full_scan,610,11805580
only_dephasing,coherence,cosine_omega,corrected_coherence,/Users/cesar/Research/time-dependent-coupling-open/results/correct_coerence/only_dephasing_coherence_cos_omega,/Users/cesar/Research/time-dependent-coupling-open/results/paper_dataset_consolidated1/only_dephasing/coherence/cosine_omega/corrected_coherence,207,1068215
only_dephasing,magic_W_half,gaussian_zeta,full_scan,/Users/cesar/Research/time-dependent-coupling-open/results/lista_simulacoes_open_system/open_system_sims1/only_dephasing_magic_gauss_zeta,/Users/cesar/Research/time-dependent-coupling-open/results/paper_dataset_consolidated1/only_dephasing/magic_W_half/gaussian_zeta/full_scan,310,5889734
only_dephasing,magic_W_half,gaussian_zeta,W_half,/Users/cesar/Research/time-dependent-coupling-open/results/mixed_state_magic_witnesses/mixed_magic1/derived/lista_simulacoes_open_system/open_system_sims1/only_dephasing_magic_gauss_zeta,/Users/cesar/Research/time-dependent-coupling-open/results/paper_dataset_consolidated1/only_dephasing/magic_W_half/gaussian_zeta/W_half,202,13915901
only_dephasing,magic_W_half,gaussian_T,full_scan,/Users/cesar/Research/time-dependent-coupling-open/results/lista_simulacoes_open_system/open_system_sims1/only_dephasing_magic_gauss_T,/Users/cesar/Research/time-dependent-coupling-open/results/paper_dataset_consolidated1/only_dephasing/magic_W_half/gaussian_T/full_scan,310,5883301
only_dephasing,magic_W_half,gaussian_T,W_half,/Users/cesar/Research/time-dependent-coupling-open/results/mixed_state_magic_witnesses/mixed_magic1/derived/lista_simulacoes_open_system/open_system_sims1/only_dephasing_magic_gauss_T,/Users/cesar/Research/time-dependent-coupling-open/results/paper_dataset_consolidated1/only_dephasing/magic_W_half/gaussian_T/W_half,202,13915234
only_dephasing,magic_W_half,cosine_omega,full_scan,/Users/cesar/Research/time-dependent-coupling-open/results/lista_simulacoes_open_system/open_system_sims1/only_dephasing_magic_cos_omega,/Users/cesar/Research/time-dependent-coupling-open/results/paper_dataset_consolidated1/only_dephasing/magic_W_half/cosine_omega/full_scan,610,11712503
only_dephasing,magic_W_half,cosine_omega,W_half,/Users/cesar/Research/time-dependent-coupling-open/results/mixed_state_magic_witnesses/mixed_magic1/derived/lista_simulacoes_open_system/open_system_sims1/only_dephasing_magic_cos_omega,/Users/cesar/Research/time-dependent-coupling-open/results/paper_dataset_consolidated1/only_dephasing/magic_W_half/cosine_omega/W_half,402,27967946
only_dephasing,entanglement,gaussian_zeta,full_scan,/Users/cesar/Research/time-dependent-coupling-open/results/lista_simulacoes_open_system/open_system_sims1/only_dephasing_entanglement_gauss_zeta,/Users/cesar/Research/time-dependent-coupling-open/results/paper_dataset_consolidated1/only_dephasing/entanglement/gaussian_zeta/full_scan,310,6143264
only_dephasing,entanglement,gaussian_T,full_scan,/Users/cesar/Research/time-dependent-coupling-open/results/lista_simulacoes_open_system/open_system_sims1/only_dephasing_entanglement_gauss_T,/Users/cesar/Research/time-dependent-coupling-open/results/paper_dataset_consolidated1/only_dephasing/entanglement/gaussian_T/full_scan,310,6115671
only_dephasing,entanglement,cosine_omega,full_scan,/Users/cesar/Research/time-dependent-coupling-open/results/lista_simulacoes_open_system/open_system_sims1/only_dephasing_entanglement_cos_omega,/Users/cesar/Research/time-dependent-coupling-open/results/paper_dataset_consolidated1/only_dephasing/entanglement/cosine_omega/full_scan,610,11969031
only_cavity_damping,wigner,gaussian_zeta,full_scan,/Users/cesar/Research/time-dependent-coupling-open/results/lista_simulacoes_open_system/open_system_sims1/only_cavity_damping_wigner_gauss_zeta,/Users/cesar/Research/time-dependent-coupling-open/results/paper_dataset_consolidated1/only_cavity_damping/wigner/gaussian_zeta/full_scan,760,8201233
only_cavity_damping,wigner,gaussian_T,full_scan,/Users/cesar/Research/time-dependent-coupling-open/results/lista_simulacoes_open_system/open_system_sims1/only_cavity_damping_wigner_gauss_T,/Users/cesar/Research/time-dependent-coupling-open/results/paper_dataset_consolidated1/only_cavity_damping/wigner/gaussian_T/full_scan,310,3289075
only_cavity_damping,wigner,cosine_omega,full_scan,/Users/cesar/Research/time-dependent-coupling-open/results/lista_simulacoes_open_system/open_system_sims1/only_cavity_damping_wigner_cos_omega,/Users/cesar/Research/time-dependent-coupling-open/results/paper_dataset_consolidated1/only_cavity_damping/wigner/cosine_omega/full_scan,310,3266967
only_cavity_damping,coherence,gaussian_zeta,full_scan,/Users/cesar/Research/time-dependent-coupling-open/results/lista_simulacoes_open_system/open_system_sims1/only_cavity_damping_coherence_gauss_zeta,/Users/cesar/Research/time-dependent-coupling-open/results/paper_dataset_consolidated1/only_cavity_damping/coherence/gaussian_zeta/full_scan,310,6110811
only_cavity_damping,coherence,gaussian_zeta,corrected_coherence,/Users/cesar/Research/time-dependent-coupling-open/results/correct_coerence/only_cavity_damping_coherence_gauss_zeta,/Users/cesar/Research/time-dependent-coupling-open/results/paper_dataset_consolidated1/only_cavity_damping/coherence/gaussian_zeta/corrected_coherence,107,538227
only_cavity_damping,coherence,gaussian_T,full_scan,/Users/cesar/Research/time-dependent-coupling-open/results/lista_simulacoes_open_system/open_system_sims1/only_cavity_damping_coherence_gauss_T,/Users/cesar/Research/time-dependent-coupling-open/results/paper_dataset_consolidated1/only_cavity_damping/coherence/gaussian_T/full_scan,310,6093981
only_cavity_damping,coherence,gaussian_T,corrected_coherence,/Users/cesar/Research/time-dependent-coupling-open/results/correct_coerence/only_cavity_damping_coherence_gauss_T,/Users/cesar/Research/time-dependent-coupling-open/results/paper_dataset_consolidated1/only_cavity_damping/coherence/gaussian_T/corrected_coherence,107,536545
only_cavity_damping,coherence,cosine_omega,full_scan,/Users/cesar/Research/time-dependent-coupling-open/results/lista_simulacoes_open_system/open_system_sims1/only_cavity_damping_coherence_cos_omega,/Users/cesar/Research/time-dependent-coupling-open/results/paper_dataset_consolidated1/only_cavity_damping/coherence/cosine_omega/full_scan,610,11878032
only_cavity_damping,coherence,cosine_omega,corrected_coherence,/Users/cesar/Research/time-dependent-coupling-open/results/correct_coerence/only_cavity_damping_coherence_cos_omega,/Users/cesar/Research/time-dependent-coupling-open/results/paper_dataset_consolidated1/only_cavity_damping/coherence/cosine_omega/corrected_coherence,207,1069234
only_cavity_damping,magic_W_half,gaussian_zeta,full_scan,/Users/cesar/Research/time-dependent-coupling-open/results/lista_simulacoes_open_system/open_system_sims1/only_cavity_damping_magic_gauss_zeta,/Users/cesar/Research/time-dependent-coupling-open/results/paper_dataset_consolidated1/only_cavity_damping/magic_W_half/gaussian_zeta/full_scan,310,5942743
only_cavity_damping,magic_W_half,gaussian_zeta,W_half,/Users/cesar/Research/time-dependent-coupling-open/results/mixed_state_magic_witnesses/mixed_magic1/derived/lista_simulacoes_open_system/open_system_sims1/only_cavity_damping_magic_gauss_zeta,/Users/cesar/Research/time-dependent-coupling-open/results/paper_dataset_consolidated1/only_cavity_damping/magic_W_half/gaussian_zeta/W_half,202,13488249
only_cavity_damping,magic_W_half,gaussian_T,full_scan,/Users/cesar/Research/time-dependent-coupling-open/results/lista_simulacoes_open_system/open_system_sims1/only_cavity_damping_magic_gauss_T,/Users/cesar/Research/time-dependent-coupling-open/results/paper_dataset_consolidated1/only_cavity_damping/magic_W_half/gaussian_T/full_scan,310,5935067
only_cavity_damping,magic_W_half,gaussian_T,W_half,/Users/cesar/Research/time-dependent-coupling-open/results/mixed_state_magic_witnesses/mixed_magic1/derived/lista_simulacoes_open_system/open_system_sims1/only_cavity_damping_magic_gauss_T,/Users/cesar/Research/time-dependent-coupling-open/results/paper_dataset_consolidated1/only_cavity_damping/magic_W_half/gaussian_T/W_half,202,13457865
only_cavity_damping,magic_W_half,cosine_omega,full_scan,/Users/cesar/Research/time-dependent-coupling-open/results/lista_simulacoes_open_system/open_system_sims1/only_cavity_damping_magic_cos_omega,/Users/cesar/Research/time-dependent-coupling-open/results/paper_dataset_consolidated1/only_cavity_damping/magic_W_half/cosine_omega/full_scan,610,11834897
only_cavity_damping,magic_W_half,cosine_omega,W_half,/Users/cesar/Research/time-dependent-coupling-open/results/mixed_state_magic_witnesses/mixed_magic1/derived/lista_simulacoes_open_system/open_system_sims1/only_cavity_damping_magic_cos_omega,/Users/cesar/Research/time-dependent-coupling-open/results/paper_dataset_consolidated1/only_cavity_damping/magic_W_half/cosine_omega/W_half,402,27981858
only_cavity_damping,entanglement,gaussian_zeta,full_scan,/Users/cesar/Research/time-dependent-coupling-open/results/lista_simulacoes_open_system/open_system_sims1/only_cavity_damping_entanglement_gauss_zeta,/Users/cesar/Research/time-dependent-coupling-open/results/paper_dataset_consolidated1/only_cavity_damping/entanglement/gaussian_zeta/full_scan,310,6197352
only_cavity_damping,entanglement,gaussian_T,full_scan,/Users/cesar/Research/time-dependent-coupling-open/results/lista_simulacoes_open_system/open_system_sims1/only_cavity_damping_entanglement_gauss_T,/Users/cesar/Research/time-dependent-coupling-open/results/paper_dataset_consolidated1/only_cavity_damping/entanglement/gaussian_T/full_scan,310,6177992
only_cavity_damping,entanglement,cosine_omega,full_scan,/Users/cesar/Research/time-dependent-coupling-open/results/lista_simulacoes_open_system/open_system_sims1/only_cavity_damping_entanglement_cos_omega,/Users/cesar/Research/time-dependent-coupling-open/results/paper_dataset_consolidated1/only_cavity_damping/entanglement/cosine_omega/full_scan,610,12064267
specific_both_losses,wigner,gaussian_zeta,exact_runs,/Users/cesar/Research/time-dependent-coupling-open/results/lista_simulacoes_open_system/open_system_sims1/specific_parameters_wigner_gauss_zeta_specific,/Users/cesar/Research/time-dependent-coupling-open/results/paper_dataset_consolidated1/specific_both_losses/wigner/gaussian_zeta/exact_runs,13,63556
specific_both_losses,wigner,gaussian_T,exact_runs,/Users/cesar/Research/time-dependent-coupling-open/results/lista_simulacoes_open_system/open_system_sims1/specific_parameters_wigner_gauss_T_specific,/Users/cesar/Research/time-dependent-coupling-open/results/paper_dataset_consolidated1/specific_both_losses/wigner/gaussian_T/exact_runs,13,63517
specific_both_losses,wigner,cosine_omega,exact_runs,/Users/cesar/Research/time-dependent-coupling-open/results/lista_simulacoes_open_system/open_system_sims1/specific_parameters_wigner_cos_omega_specific,/Users/cesar/Research/time-dependent-coupling-open/results/paper_dataset_consolidated1/specific_both_losses/wigner/cosine_omega/exact_runs,16,95669
specific_both_losses,coherence,gaussian_zeta,exact_runs,/Users/cesar/Research/time-dependent-coupling-open/results/lista_simulacoes_open_system/open_system_sims1/specific_parameters_coherence_gauss_zeta_specific,/Users/cesar/Research/time-dependent-coupling-open/results/paper_dataset_consolidated1/specific_both_losses/coherence/gaussian_zeta/exact_runs,13,116642
specific_both_losses,coherence,gaussian_zeta,corrected_coherence,/Users/cesar/Research/time-dependent-coupling-open/results/correct_coerence/specific_parameters_coherence_gauss_zeta_specific,/Users/cesar/Research/time-dependent-coupling-open/results/paper_dataset_consolidated1/specific_both_losses/coherence/gaussian_zeta/corrected_coherence,8,11894
specific_both_losses,coherence,gaussian_T,exact_runs,/Users/cesar/Research/time-dependent-coupling-open/results/lista_simulacoes_open_system/open_system_sims1/specific_parameters_coherence_gauss_T_specific,/Users/cesar/Research/time-dependent-coupling-open/results/paper_dataset_consolidated1/specific_both_losses/coherence/gaussian_T/exact_runs,13,116607
specific_both_losses,coherence,gaussian_T,corrected_coherence,/Users/cesar/Research/time-dependent-coupling-open/results/correct_coerence/specific_parameters_coherence_gauss_T_specific,/Users/cesar/Research/time-dependent-coupling-open/results/paper_dataset_consolidated1/specific_both_losses/coherence/gaussian_T/corrected_coherence,8,11867
specific_both_losses,coherence,cosine_omega,exact_runs,/Users/cesar/Research/time-dependent-coupling-open/results/lista_simulacoes_open_system/open_system_sims1/specific_parameters_coherence_cos_omega_specific,/Users/cesar/Research/time-dependent-coupling-open/results/paper_dataset_consolidated1/specific_both_losses/coherence/cosine_omega/exact_runs,16,174560
specific_both_losses,coherence,cosine_omega,corrected_coherence,/Users/cesar/Research/time-dependent-coupling-open/results/correct_coerence/specific_parameters_coherence_cos_omega_specific,/Users/cesar/Research/time-dependent-coupling-open/results/paper_dataset_consolidated1/specific_both_losses/coherence/cosine_omega/corrected_coherence,9,17264
specific_both_losses,magic_W_half,gaussian_zeta,exact_runs,/Users/cesar/Research/time-dependent-coupling-open/results/lista_simulacoes_open_system/open_system_sims1/specific_parameters_magic_gauss_zeta_specific,/Users/cesar/Research/time-dependent-coupling-open/results/paper_dataset_consolidated1/specific_both_losses/magic_W_half/gaussian_zeta/exact_runs,13,114904
specific_both_losses,magic_W_half,gaussian_zeta,W_half,/Users/cesar/Research/time-dependent-coupling-open/results/mixed_state_magic_witnesses/mixed_magic1/derived/lista_simulacoes_open_system/open_system_sims1/specific_parameters_magic_gauss_zeta_specific,/Users/cesar/Research/time-dependent-coupling-open/results/paper_dataset_consolidated1/specific_both_losses/magic_W_half/gaussian_zeta/W_half,4,276986
specific_both_losses,magic_W_half,gaussian_T,exact_runs,/Users/cesar/Research/time-dependent-coupling-open/results/lista_simulacoes_open_system/open_system_sims1/specific_parameters_magic_gauss_T_specific,/Users/cesar/Research/time-dependent-coupling-open/results/paper_dataset_consolidated1/specific_both_losses/magic_W_half/gaussian_T/exact_runs,13,114869
specific_both_losses,magic_W_half,gaussian_T,W_half,/Users/cesar/Research/time-dependent-coupling-open/results/mixed_state_magic_witnesses/mixed_magic1/derived/lista_simulacoes_open_system/open_system_sims1/specific_parameters_magic_gauss_T_specific,/Users/cesar/Research/time-dependent-coupling-open/results/paper_dataset_consolidated1/specific_both_losses/magic_W_half/gaussian_T/W_half,4,276986
specific_both_losses,magic_W_half,cosine_omega,exact_runs,/Users/cesar/Research/time-dependent-coupling-open/results/lista_simulacoes_open_system/open_system_sims1/specific_parameters_magic_cos_omega_specific,/Users/cesar/Research/time-dependent-coupling-open/results/paper_dataset_consolidated1/specific_both_losses/magic_W_half/cosine_omega/exact_runs,16,174103
specific_both_losses,magic_W_half,cosine_omega,W_half,/Users/cesar/Research/time-dependent-coupling-open/results/mixed_state_magic_witnesses/mixed_magic1/derived/lista_simulacoes_open_system/open_system_sims1/specific_parameters_magic_cos_omega_specific,/Users/cesar/Research/time-dependent-coupling-open/results/paper_dataset_consolidated1/specific_both_losses/magic_W_half/cosine_omega/W_half,6,418096
specific_both_losses,entanglement,gaussian_zeta,exact_runs,/Users/cesar/Research/time-dependent-coupling-open/results/lista_simulacoes_open_system/open_system_sims1/specific_parameters_entanglement_gauss_zeta_specific,/Users/cesar/Research/time-dependent-coupling-open/results/paper_dataset_consolidated1/specific_both_losses/entanglement/gaussian_zeta/exact_runs,13,118270
specific_both_losses,entanglement,gaussian_T,exact_runs,/Users/cesar/Research/time-dependent-coupling-open/results/lista_simulacoes_open_system/open_system_sims1/specific_parameters_entanglement_gauss_T_specific,/Users/cesar/Research/time-dependent-coupling-open/results/paper_dataset_consolidated1/specific_both_losses/entanglement/gaussian_T/exact_runs,13,118235
specific_both_losses,entanglement,cosine_omega,exact_runs,/Users/cesar/Research/time-dependent-coupling-open/results/lista_simulacoes_open_system/open_system_sims1/specific_parameters_entanglement_cos_omega_specific,/Users/cesar/Research/time-dependent-coupling-open/results/paper_dataset_consolidated1/specific_both_losses/entanglement/cosine_omega/exact_runs,16,177136
provenance,article,all,paper_source,/Users/cesar/Downloads/paper_draft-2.tex,/Users/cesar/Research/time-dependent-coupling-open/results/paper_dataset_consolidated1/provenance/paper_draft-2.tex,1,48482
provenance,all,all,source_script,/Users/cesar/Research/time-dependent-coupling-open/wigner.py,/Users/cesar/Research/time-dependent-coupling-open/results/paper_dataset_consolidated1/provenance/scripts/wigner.py,1,10025
provenance,all,all,source_script,/Users/cesar/Research/time-dependent-coupling-open/run_coherence_article_corrected.py,/Users/cesar/Research/time-dependent-coupling-open/results/paper_dataset_consolidated1/provenance/scripts/run_coherence_article_corrected.py,1,8584
provenance,all,all,source_script,/Users/cesar/Research/time-dependent-coupling-open/quantum_magic_gauss_varep.py,/Users/cesar/Research/time-dependent-coupling-open/results/paper_dataset_consolidated1/provenance/scripts/quantum_magic_gauss_varep.py,1,10386
provenance,all,all,source_script,/Users/cesar/Research/time-dependent-coupling-open/quantum_magic_gauss_varT.py,/Users/cesar/Research/time-dependent-coupling-open/results/paper_dataset_consolidated1/provenance/scripts/quantum_magic_gauss_varT.py,1,10298
provenance,all,all,source_script,/Users/cesar/Research/time-dependent-coupling-open/quantum_magic_cos_var_w.py,/Users/cesar/Research/time-dependent-coupling-open/results/paper_dataset_consolidated1/provenance/scripts/quantum_magic_cos_var_w.py,1,10287
provenance,all,all,source_script,/Users/cesar/Research/time-dependent-coupling-open/entanglment.py,/Users/cesar/Research/time-dependent-coupling-open/results/paper_dataset_consolidated1/provenance/scripts/entanglment.py,1,6931
provenance,all,all,source_script,/Users/cesar/Research/time-dependent-coupling-open/expected_values_all_article_cases_with_xy.py,/Users/cesar/Research/time-dependent-coupling-open/results/paper_dataset_consolidated1/provenance/scripts/expected_values_all_article_cases_with_xy.py,1,20969
provenance,all,all,source_script,/Users/cesar/Research/time-dependent-coupling-open/run_lista_simulacoes_open_system.py,/Users/cesar/Research/time-dependent-coupling-open/results/paper_dataset_consolidated1/provenance/scripts/run_lista_simulacoes_open_system.py,1,23826
provenance,all,all,source_script,/Users/cesar/Research/time-dependent-coupling-open/recompute_correct_coherence.py,/Users/cesar/Research/time-dependent-coupling-open/results/paper_dataset_consolidated1/provenance/scripts/recompute_correct_coherence.py,1,6658
provenance,all,all,source_script,/Users/cesar/Research/time-dependent-coupling-open/recompute_mixed_state_magic_witnesses.py,/Users/cesar/Research/time-dependent-coupling-open/results/paper_dataset_consolidated1/provenance/scripts/recompute_mixed_state_magic_witnesses.py,1,22107
provenance,all,all,source_script,/Users/cesar/Research/time-dependent-coupling-open/plot_mixed_state_magic_article.py,/Users/cesar/Research/time-dependent-coupling-open/results/paper_dataset_consolidated1/provenance/scripts/plot_mixed_state_magic_article.py,1,17895
