g0,eta,sigma,kappa,gamma,gamma_phi,coupling,epsilon,T
1,1,-1,0.1,0,0.01,gauss,8,5.0
1,1,-1,0.1,0,0.01,gauss,8,5.101010101010101
1,1,-1,0.1,0,0.01,gauss,8,5.202020202020202
1,1,-1,0.1,0,0.01,gauss,8,5.303030303030303
1,1,-1,0.1,0,0.01,gauss,8,5.404040404040404
1,1,-1,0.1,0,0.01,gauss,8,5.505050505050505
1,1,-1,0.1,0,0.01,gauss,8,5.606060606060606
1,1,-1,0.1,0,0.01,gauss,8,5.707070707070707
1,1,-1,0.1,0,0.01,gauss,8,5.808080808080808
1,1,-1,0.1,0,0.01,gauss,8,5.909090909090909
1,1,-1,0.1,0,0.01,gauss,8,6.01010101010101
1,1,-1,0.1,0,0.01,gauss,8,6.111111111111111
1,1,-1,0.1,0,0.01,gauss,8,6.212121212121212
1,1,-1,0.1,0,0.01,gauss,8,6.313131313131313
1,1,-1,0.1,0,0.01,gauss,8,6.414141414141414
1,1,-1,0.1,0,0.01,gauss,8,6.515151515151516
1,1,-1,0.1,0,0.01,gauss,8,6.616161616161616
1,1,-1,0.1,0,0.01,gauss,8,6.717171717171717
1,1,-1,0.1,0,0.01,gauss,8,6.818181818181818
1,1,-1,0.1,0,0.01,gauss,8,6.919191919191919
1,1,-1,0.1,0,0.01,gauss,8,7.020202020202021
1,1,-1,0.1,0,0.01,gauss,8,7.121212121212121
1,1,-1,0.1,0,0.01,gauss,8,7.222222222222222
1,1,-1,0.1,0,0.01,gauss,8,7.3232323232323235
1,1,-1,0.1,0,0.01,gauss,8,7.424242424242424
1,1,-1,0.1,0,0.01,gauss,8,7.525252525252525
1,1,-1,0.1,0,0.01,gauss,8,7.626262626262626
1,1,-1,0.1,0,0.01,gauss,8,7.727272727272727
1,1,-1,0.1,0,0.01,gauss,8,7.828282828282829
1,1,-1,0.1,0,0.01,gauss,8,7.929292929292929
1,1,-1,0.1,0,0.01,gauss,8,8.030303030303031
1,1,-1,0.1,0,0.01,gauss,8,8.131313131313131
1,1,-1,0.1,0,0.01,gauss,8,8.232323232323232
1,1,-1,0.1,0,0.01,gauss,8,8.333333333333334
1,1,-1,0.1,0,0.01,gauss,8,8.434343434343434
1,1,-1,0.1,0,0.01,gauss,8,8.535353535353536
1,1,-1,0.1,0,0.01,gauss,8,8.636363636363637
1,1,-1,0.1,0,0.01,gauss,8,8.737373737373737
1,1,-1,0.1,0,0.01,gauss,8,8.838383838383837
1,1,-1,0.1,0,0.01,gauss,8,8.93939393939394
1,1,-1,0.1,0,0.01,gauss,8,9.040404040404042
1,1,-1,0.1,0,0.01,gauss,8,9.141414141414142
1,1,-1,0.1,0,0.01,gauss,8,9.242424242424242
1,1,-1,0.1,0,0.01,gauss,8,9.343434343434343
1,1,-1,0.1,0,0.01,gauss,8,9.444444444444445
1,1,-1,0.1,0,0.01,gauss,8,9.545454545454545
1,1,-1,0.1,0,0.01,gauss,8,9.646464646464647
1,1,-1,0.1,0,0.01,gauss,8,9.747474747474747
1,1,-1,0.1,0,0.01,gauss,8,9.848484848484848
1,1,-1,0.1,0,0.01,gauss,8,9.94949494949495
1,1,-1,0.1,0,0.01,gauss,8,10.05050505050505
1,1,-1,0.1,0,0.01,gauss,8,10.151515151515152
1,1,-1,0.1,0,0.01,gauss,8,10.252525252525253
1,1,-1,0.1,0,0.01,gauss,8,10.353535353535353
1,1,-1,0.1,0,0.01,gauss,8,10.454545454545453
1,1,-1,0.1,0,0.01,gauss,8,10.555555555555555
1,1,-1,0.1,0,0.01,gauss,8,10.656565656565657
1,1,-1,0.1,0,0.01,gauss,8,10.757575757575758
1,1,-1,0.1,0,0.01,gauss,8,10.858585858585858
1,1,-1,0.1,0,0.01,gauss,8,10.959595959595958
1,1,-1,0.1,0,0.01,gauss,8,11.06060606060606
1,1,-1,0.1,0,0.01,gauss,8,11.161616161616163
1,1,-1,0.1,0,0.01,gauss,8,11.262626262626263
1,1,-1,0.1,0,0.01,gauss,8,11.363636363636363
1,1,-1,0.1,0,0.01,gauss,8,11.464646464646464
1,1,-1,0.1,0,0.01,gauss,8,11.565656565656566
1,1,-1,0.1,0,0.01,gauss,8,11.666666666666668
1,1,-1,0.1,0,0.01,gauss,8,11.767676767676768
1,1,-1,0.1,0,0.01,gauss,8,11.868686868686869
1,1,-1,0.1,0,0.01,gauss,8,11.969696969696969
1,1,-1,0.1,0,0.01,gauss,8,12.070707070707071
1,1,-1,0.1,0,0.01,gauss,8,12.171717171717171
1,1,-1,0.1,0,0.01,gauss,8,12.272727272727273
1,1,-1,0.1,0,0.01,gauss,8,12.373737373737374
1,1,-1,0.1,0,0.01,gauss,8,12.474747474747474
1,1,-1,0.1,0,0.01,gauss,8,12.575757575757574
1,1,-1,0.1,0,0.01,gauss,8,12.676767676767676
1,1,-1,0.1,0,0.01,gauss,8,12.777777777777779
1,1,-1,0.1,0,0.01,gauss,8,12.878787878787879
1,1,-1,0.1,0,0.01,gauss,8,12.97979797979798
1,1,-1,0.1,0,0.01,gauss,8,13.080808080808081
1,1,-1,0.1,0,0.01,gauss,8,13.181818181818182
1,1,-1,0.1,0,0.01,gauss,8,13.282828282828282
1,1,-1,0.1,0,0.01,gauss,8,13.383838383838384
1,1,-1,0.1,0,0.01,gauss,8,13.484848484848484
1,1,-1,0.1,0,0.01,gauss,8,13.585858585858587
1,1,-1,0.1,0,0.01,gauss,8,13.686868686868687
1,1,-1,0.1,0,0.01,gauss,8,13.787878787878787
1,1,-1,0.1,0,0.01,gauss,8,13.88888888888889
1,1,-1,0.1,0,0.01,gauss,8,13.98989898989899
1,1,-1,0.1,0,0.01,gauss,8,14.09090909090909
1,1,-1,0.1,0,0.01,gauss,8,14.191919191919192
1,1,-1,0.1,0,0.01,gauss,8,14.292929292929292
1,1,-1,0.1,0,0.01,gauss,8,14.393939393939394
1,1,-1,0.1,0,0.01,gauss,8,14.494949494949495
1,1,-1,0.1,0,0.01,gauss,8,14.595959595959595
1,1,-1,0.1,0,0.01,gauss,8,14.696969696969697
1,1,-1,0.1,0,0.01,gauss,8,14.797979797979798
1,1,-1,0.1,0,0.01,gauss,8,14.8989898989899
1,1,-1,0.1,0,0.01,gauss,8,15.0
