t,sz_const,nb_const,sz_const_aberto,nb_const_aberto
0.0,1.7573337634957228e-17,5.0,1.7573337634957228e-17,5.0
0.01,-0.00010007440836146947,5.000048846298559,-0.00010019304103299218,4.995052583215418
0.02,-0.0003995197818001899,5.000198595196726,-0.0003994233891966579,4.990209575929325
0.03,-0.0008971302284661861,5.000447474396909,-0.000896542141238356,4.985470303907287
0.04,-0.0015907097079506385,5.000794456284185,-0.0015891639695498974,4.980833471444039
0.05,-0.0024772112385627308,5.001237937564544,-0.002474163803458142,4.976297414460209
0.06,-0.003552737142829979,5.001775861998758,-0.003547483756091263,4.971860004495777
0.07,-0.004812551296339727,5.002405773524102,-0.004804493131759258,4.967518828018045
0.08,-0.006251076114164686,5.003125043193192,-0.006239558483703205,4.963270973748506
0.09,-0.0078619504532748,5.003930490634701,-0.00784616043423546,4.959113090379421
0.1,-0.009638040610763402,5.004818554555365,-0.009617144927995099,4.955041512648123
0.11,-0.011571465187248683,5.005785292696088,-0.011544660818988726,4.95105223100028
0.12,-0.013653631633351536,5.006826407185343,-0.013620116999500406,4.947140869308287
0.13,-0.015875260370376138,5.0079372503387765,-0.01583437880461789,4.943302785083868
0.14,-0.018226430023877062,5.009112864606599,-0.01817761056280992,4.939532989266226
0.15,-0.02069660641866882,5.010347983144657,-0.020639455811416046,4.935826238054505
0.16,-0.023274691151035164,5.011637055958708,-0.023209003466556844,4.932177015666946
0.17,-0.025949060034210814,5.012974272659669,-0.0258748089736846,4.928579544820647
0.18,-0.02870760591312952,5.014353573097426,-0.028625104743833535,4.9250278933851765
0.19,-0.03153779371628373,5.015768686021811,-0.03144758623534697,4.921515866035238
0.2,-0.034426700760227094,5.017213147687027,-0.034329697638885034,4.9180371483611065
0.21,-0.03736106878015213,5.018680332337346,-0.03725858696905691,4.914585284248034
0.22,-0.0403273555653556,5.020163470210928,-0.04022112910501836,4.911153687486224
0.23,-0.043311787902451646,5.021655662218571,-0.04320399750439219,4.9077356778194785
0.24,-0.04630041291110574,5.0231499392475705,-0.046193720814076356,4.904324509281549
0.25,-0.049279152340828664,5.024639284778707,-0.04917671816728571,4.900913388189511
0.26,-0.05223385776267351,5.026116641549373,-0.05213935183122844,4.897495499548396
0.27,-0.05515036687973259,5.0275748900542885,-0.055068021631196104,4.894064053185923
0.28,-0.05801455491508387,5.029006968355284,-0.05794920143743504,4.890612302459846
0.29,-0.06081239025785778,5.030405876277068,-0.0607694686732519,4.887133559661924
0.3,-0.06352998897089521,5.031764688123687,-0.06351557006088646,4.883621228574954
0.31,-0.0661536689246962,5.033076524912587,-0.06617447434523936,4.880068830865798
0.32,-0.06867000180641182,5.034334670822523,-0.06873340239387106,4.8764700204876865
0.33,-0.07106586551816158,5.0355325818116325,-0.07117982910576175,4.872818583140993
0.34,-0.07332849549411892,5.036663898902907,-0.07350162091127563,4.86910850759822
0.35000000000000003,-0.07544553538912865,5.037722405052493,-0.07568705564386045,4.865333994685243
0.36,-0.07740508356901944,5.03870214835794,-0.07772486953598697,4.861489480638569
0.37,-0.07919574010300257,5.039597452345445,-0.079604301532746,4.857569659048704
0.38,-0.08080665142026786,5.040402926068614,-0.0813150115473143,4.8535694361678585
0.39,-0.08222755099692473,5.04111339115925,-0.08284724470556809,4.8494840162501
0.4,-0.08344880153090078,5.041724014913984,-0.084191900745691,4.845308936755394
0.41000000000000003,-0.08446143299842977,5.0422303225705765,-0.08534054503997132,4.841040072694598
0.42,-0.085257178097947,5.042628203601996,-0.08628545424104034,4.836673659277246
0.43,-0.08582850357830284,5.042913862325356,-0.08701950875027752,4.832206236402064
0.44,-0.08616864207083817,5.043083905477324,-0.08753606859239155,4.8276345846806805
0.45,-0.08627161989474318,5.043135363624268,-0.08782943706131441,4.822955961365099
0.46,-0.08613228151024249,5.043065694439551,-0.08789472186404823,4.818168028855184
0.47000000000000003,-0.08574630807539017,5.042872709060023,-0.08772786456346499,4.813268869078877
0.48,-0.08511023799152012,5.042554657741191,-0.08732564050418468,4.808256982941953
0.49,-0.08422148308981352,5.042110261350268,-0.08668524309708646,4.803131079201377
0.5,-0.08307834025323768,5.041538703051522,-0.08580480381063782,4.797890337395931
0.51,-0.08167999665257426,5.04083955384747,-0.08468340170789723,4.7925344121652635
0.52,-0.08002653750676124,5.040012827592859,-0.08332099710824532,4.787063399128284
0.53,-0.07811895024936548,5.039059023496191,-0.08171845501970103,4.78147784624202
0.54,-0.0759591227691503,5.03797910691512,-0.07987725088643848,4.775778605532958
0.55,-0.07354983655648466,5.036774457137367,-0.07779936981015563,4.769966782043492
0.56,-0.07089476000001937,5.035446887586309,-0.07548790991553588,4.76404403659053
0.5700000000000001,-0.06799844006736618,5.033998687947816,-0.0729468136324711,4.758012450327305
0.58,-0.06486628766333521,5.032432602232659,-0.07018087316731877,4.7518745270773435
0.59,-0.06150455709904425,5.03075175489621,-0.0671956668666898,4.74563316112017
0.6,-0.057920325682786176,5.02895964126948,-0.06399703735410238,4.739291375860258
0.61,-0.054121475473205526,5.027060208344594,-0.06059175779199454,4.732852656567008
0.62,-0.050116665570413055,5.025057808542105,-0.05698741606317275,4.726320892068964
0.63,-0.045915302170903914,5.022957148509152,-0.05319232915298803,4.719700331548562
0.64,-0.041527506487178366,5.020763250247819,-0.0492155359680672,4.712995580555835
0.65,-0.03696408418281528,5.018481520620651,-0.04506642355446557,4.706211414813974
0.66,-0.032236488304132005,5.016117706257942,-0.04075477611696979,4.69935280416588
0.67,-0.02735677896188167,5.013677847295632,-0.03629117220478034,4.692425109566618
0.68,-0.022337579821795035,5.011168220025766,-0.03168673823006672,4.685433960159969
0.6900000000000001,-0.017192041497166303,5.008595411020804,-0.0269531270327098,4.678385242207554
0.7000000000000001,-0.011933795327797451,5.0059662694759135,-0.022102416973716253,4.671285048822169
0.71,-0.006576906694729712,5.003287854349508,-0.01714672740109922,4.6641394898139055
0.72,-0.0011358258375004945,5.000567332229987,-0.012098716366456515,4.656954936668823
0.73,0.004374657435198904,4.997812090412315,-0.006971414014471399,4.6497379398765935
0.74,0.009939464321873056,4.995029675556088,-0.001778150590699288,4.642495192924612
0.75,0.015543278426811875,4.992227756728602,0.003467477981876682,4.635233514833378
0.76,0.021170600194512397,4.98941405588445,0.008751876487038016,4.627959719773737
0.77,0.02680579460557663,4.986596398981557,0.014061360635461512,4.62068066006425
0.78,0.032433144434887116,4.983782678965539,0.019382046994573455,4.6134032790459125
0.79,0.03803690287223375,4.980980813573684,0.024699993888037234,4.606134541785109
0.8,0.04360134616015366,4.9781986092635675,0.03000124162952506,4.598881414780577
0.81,0.049110825178910064,4.975443875723984,0.03527188365913012,4.591650831387419
0.8200000000000001,0.05454981720509282,4.972724379722242,0.040498193387934193,4.584449631493267
0.8300000000000001,0.05990297717783758,4.970047807586009,0.04566651958303259,4.577284608173067
0.84,0.06515518930628095,4.967421691185008,0.05076337726507123,4.57016246397963
0.85,0.070291615175714,4.964853446238691,0.05577549766809103,4.563089786155298
0.86,0.07529774219636226,4.962350349602634,0.06068987046339983,4.556073025566491
0.87,0.08015943098348435,4.959919508504668,0.06549374794797252,4.549118498503833
0.88,0.084862962739069,4.957567745387795,0.07017471867277705,4.5422323467375065
0.89,0.08939508156630763,4.955301671854363,0.07472076193098656,4.5354205090788895
0.9,0.09374303666194385,4.953127680399475,0.0791202776032066,4.5286887077567695
0.91,0.09789462290143743,4.951051910791016,0.08336212828176193,4.522042427411724
0.92,0.10183821620083035,4.949080145524258,0.08743560747067815,4.515486932527138
0.93,0.10556281197785085,4.947217858725667,0.09133036249925458,4.509027308406572
0.9400000000000001,0.10905805982477054,4.945470227765272,0.0950366831867817,4.5026683119808615
0.9500000000000001,0.11231429444349204,4.943842100729173,0.0985454430154176,4.496414403291648
0.96,0.11532256579716228,4.942337939289707,0.10184812974856336,4.490269730468268
0.97,0.11807466507366786,4.940961837750461,0.10493686476108585,4.484238120405772
0.98,0.12056314826192482,4.939717541711285,0.10780413632971703,4.4783232154037735
0.99,0.12278135782981059,4.938608429140735,0.11044313171705789,4.472528304251997
1.0,0.1247234389226855,4.937637416051764,0.11284778923254847,4.46685629620637
1.2462311557788945,0.08508660338849461,4.957455745217394,0.0942521982722748,4.367543492804661
1.492462311557789,-0.039352482203740165,5.019675021363766,-0.01572770005761439,4.315654061724393
1.7386934673366834,-0.08557340894789667,5.042785112626254,-0.08052905923552625,4.24259475942784
1.984924623115578,-0.03033139513620722,5.015163689777705,-0.0535117435866212,4.125989582583867
2.2311557788944727,0.023936887453471396,4.9880291751564245,-2.6538708848453016e-06,3.999223426241122
2.477386934673367,0.020735428950296567,4.989629643597178,0.017616603882460884,3.893296739671637
2.7236180904522613,-0.005960432727372621,5.002977266048877,0.0018459091833615852,3.806408772282627
2.969849246231156,-0.015970458775711103,5.0079819418381595,-0.015548252913588741,3.722407518333044
3.2160804020100504,-0.010487613136076176,5.00524018072783,-0.019715063687468278,3.633914731737659
3.462311557788945,-0.005748074989100916,5.002870076800631,-0.016238643532466138,3.5438094068202814
3.7085427135678395,-0.005852239811964589,5.002921824003489,-0.013171276914865452,3.4561027862045446
3.9547738693467336,-0.006367880966419228,5.00317930883187,-0.012199914326775476,3.3715635454214876
4.201005025125628,-0.004847635307174552,5.00241885023175,-0.011572979565178903,3.2892487655223133
4.447236180904523,-0.001957700119568168,5.000973546879817,-0.01029886473533375,3.2086163417541966
4.693467336683417,0.0013358418094584642,4.999326440096842,-0.008902639075396459,3.1298857826440303
4.939698492462312,0.004496123424985414,4.9977459633962695,-0.008437194961498529,3.0535308904745624
5.185929648241206,0.006809028998187857,4.996589047016818,-0.009759865641584917,2.9799169508856522
5.432160804020101,0.007223978132710821,4.99638121954485,-0.013303878978301487,2.9091907756484168
5.678391959798995,0.004725866680162358,4.997629988835373,-0.01894269933576365,2.841218982647262
5.92462311557789,-0.0011566369833953258,5.000570801128154,-0.02585078347089186,2.7755261036231165
6.170854271356784,-0.0098497299022776,5.00491683553365,-0.032532570201309674,2.7113174917952243
6.417085427135679,-0.019380785413597848,5.009681868138132,-0.037165405032290974,2.6476567957804895
6.6633165829145735,-0.026458899315570553,5.01322050000095,-0.03823377225222352,2.5837828728334338
6.909547738693467,-0.027273341254900864,5.013627310088317,-0.03525171119640303,2.5194622623449336
7.155778894472362,-0.019056216049085133,5.0095183013993205,-0.029246747345314645,2.455214940602626
7.402010050251256,-0.002008397017069241,5.000993952988595,-0.02268417762292382,2.3922579131519837
7.648241206030151,0.019328186555327143,4.990325294321765,-0.01869776225824111,2.332107633338687
7.894472361809045,0.03643670035470699,4.981770600262014,-0.019826526698936656,2.2759485510114885
8.14070351758794,0.039732565502353184,4.980122236732012,-0.026787017044533387,2.224035183731861
8.386934673366834,0.023574490734094792,4.988200841275169,-0.03792728324195201,2.1754460375848295
8.633165829145728,-0.008813397241091233,5.004394335142595,-0.049772372399203534,2.1283827845993404
8.879396984924623,-0.04392405034529175,5.021949223706463,-0.05853315476088195,2.0809375012227673
9.125628140703517,-0.0627822554146883,5.031377886771672,-0.06188096929958715,2.0319716119536744
9.371859296482413,-0.05143054408076154,5.025701591725772,-0.06004871547345215,1.9816398860743514
9.618090452261306,-0.011811595055519193,5.005891571329066,-0.05561866339845642,1.931252738409685
9.864321608040202,0.03508813104529396,4.982441273075593,-0.05208291239310522,1.8825362019848828
10.110552763819095,0.059327893373423125,4.970320953828659,-0.051990596909257156,1.8367068735350331
10.35678391959799,0.04205962549125391,4.978954648748393,-0.05575133272115545,1.7938944648449249
10.603015075376884,-0.007654319398917278,5.003811182644593,-0.061753608352298865,1.7532281234826732
10.84924623115578,-0.05457387786178068,5.027270523505915,-0.06763112065186838,1.7134870165130152
11.095477386934673,-0.06148337465309547,5.030724833745634,-0.07181185895351276,1.67387367151064
11.341708542713569,-0.020207163897900268,5.010086290447614,-0.07437105209505195,1.634423866245812
11.587939698492463,0.037402135016517214,4.981281203320345,-0.07672941798003577,1.595836181593883
11.834170854271358,0.06319781872880628,4.968382924061586,-0.08051124878682732,1.55889141330852
12.080402010050252,0.03488536895205671,4.98253871183236,-0.08637746879927159,1.523874646320778
12.326633165829147,-0.02212447886104978,5.0110431989244155,-0.09357802294794343,1.4903671975505846
12.57286432160804,-0.05797438691077136,5.028967716456512,-0.10043333806395202,1.457502360319191
12.819095477386934,-0.04697839368715502,5.023469283692875,-0.10535302550503677,1.4244796454598398
13.06532663316583,-0.011022845535363632,5.005491073656852,-0.10772134319966861,1.3910000393901105
13.311557788944723,0.0093802119546082,4.995289108914661,-0.1081541155359058,1.3573799471936803
13.557788944723619,0.0033165934916385047,4.998320482108262,-0.10808312630810972,1.3243304043734039
13.804020100502512,-0.0026917348857767934,5.001324210216349,-0.10902165992281852,1.2925846546475872
14.050251256281408,0.01218061625336267,4.993887598521412,-0.11196424479892089,1.2626014660540599
14.296482412060302,0.028824851077463385,4.985565044937357,-0.11716984712954547,1.2344651401275868
14.542713567839197,0.016094993462394284,4.991929537524463,-0.1242770731987984,1.2079517545649334
14.78894472361809,-0.015524614920764257,5.007738905445449,-0.13253839337972406,1.18265235593429
15.035175879396986,-0.02061894006098705,5.0102856316931,-0.14101675401245878,1.1580744998714705
15.28140703517588,0.009756186466544648,4.995097632053384,-0.1487447895108147,1.13372291746093
15.527638190954775,0.019648848117135315,4.990150864797171,-0.154924622594894,1.109198333602087
15.773869346733669,-0.03178035705808299,5.015865030897535,-0.15917718496916247,1.0843182818410084
16.020100502512562,-0.08798203519765559,5.043965433422501,-0.16172717628739725,1.0592030338223712
16.266331658291456,-0.056180417299553566,5.028064187869824,-0.16337684229075464,1.0342550202791945
16.512562814070353,0.04818526028732453,4.975880912412826,-0.16522674714483218,1.0100138350596763
16.758793969849247,0.09722218414260961,4.951362013760759,-0.16825985667147703,0.986947439707021
17.00502512562814,0.02873503014002969,4.985605153975974,-0.17299006895599592,0.9652804812282063
17.251256281407034,-0.052356371753725935,5.026150418074463,-0.1793326777947447,0.9449364996098497
17.49748743718593,-0.029199016655560208,5.014571303614071,-0.18672759379953827,0.9256063376293436
17.743718592964825,0.04144583125809292,4.979248442682521,-0.19442466193947588,0.9068948102518215
17.98994974874372,0.021975223926175926,4.98898330931006,-0.20178464477731559,0.8884713927585585
18.236180904522612,-0.07007582681242094,5.035008397577173,-0.2084685007717048,0.8701619732521374
18.48241206030151,-0.08055753697449072,5.040248815492345,-0.214457013800839,0.8519545696757584
18.728643216080403,0.022214468157671002,4.988862375696844,-0.21992742558359923,0.8339343488020716
18.974874371859297,0.08623392813944504,4.956852208413252,-0.225077932559788,0.8161945870324187
19.22110552763819,0.025335245953732422,4.987301112150656,-0.23000623057072267,0.7987765869361161
19.467336683417088,-0.04964473309367925,5.024790664256955,-0.23470650352376463,0.7816695831228203
19.71356783919598,-0.03624145544723385,5.018088587955308,-0.23917233481174238,0.7648629117652793
19.959798994974875,-0.001638842690805993,5.000786844038683,-0.24352515799156485,0.7484094225186656
20.20603015075377,-0.02398848503392485,5.011961227613032,-0.2480697959529033,0.7324512493125586
20.452261306532666,-0.03877320453433378,5.0193531497087145,-0.2532216711957359,0.7171815545093136
20.69849246231156,0.02174600073284204,4.9890931093650766,-0.2593287641691075,0.7027552842826446
20.944723618090453,0.08303964340875741,4.95844585026352,-0.26647868631175275,0.6891948546097587
21.190954773869347,0.05675822391990602,4.971586122192856,-0.2743979207519603,0.6763437488338215
21.43718592964824,-0.013950739812579983,5.00694016619477,-0.28250700535805584,0.6638982905128068
21.683417085427138,-0.05058191034824722,5.025255313551645,-0.2901170198739416,0.6515083766644618
21.92964824120603,-0.057739514290401424,5.028833677568077,-0.2966824990872627,0.638903519980438
22.175879396984925,-0.057560613477656675,5.028743789166524,-0.30200033278966454,0.6259890420961729
22.42211055276382,-0.02746931763848896,5.0136977032144765,-0.3062734152089159,0.6128730746278958
22.668341708542716,0.028568966448879348,4.985678123104528,-0.31002236645867803,0.5998178863686924
22.91457286432161,0.054413856326873775,4.972755228594958,-0.3138933876382406,0.587141169079332
23.160804020100503,0.02897905414026469,4.985472176352562,-0.31844501737945086,0.575109391967358
23.407035175879397,-0.007104199125153112,5.003513365922369,-0.32399089614854254,0.5638614758958155
23.653266331658294,-0.020552265978793203,5.010236959280823,-0.330540603234747,0.5533827819262136
23.899497487437188,-0.012777028469260676,5.006348900667227,-0.3378381464641883,0.5435279432070725
24.14572864321608,0.005942325907443311,4.99698878373001,-0.34546684144350387,0.5340758898408884
24.391959798994975,0.01876147180038752,4.990578771078788,-0.35297788760759097,0.5247951959761774
24.63819095477387,0.00494705672349123,4.997485538986207,-0.3600047071076062,0.5155007731893727
24.884422110552766,-0.02932633659646967,5.014621796100136,-0.36633803486627237,0.5060897822816884
25.13065326633166,-0.04947180702118867,5.0246940918629015,-0.3719512472504368,0.4965520911118768
25.376884422110553,-0.03341887117290584,5.016667184598206,-0.376978536386748,0.4869571974103137
25.623115577889447,0.0060415221736579506,4.996936548706489,-0.38165925479458035,0.47742477925833565
25.869346733668344,0.037350178627064,4.9812817813971915,-0.38626855117725195,0.468089213169184
26.115577889447238,0.03657048165848982,4.9816711909489575,-0.39105501860185654,0.4590684374875147
26.36180904522613,0.006420894666995065,4.996745545676751,-0.39619954839035326,0.45044405563827966
26.608040201005025,-0.02542910557107115,5.012670107207361,-0.401798452831946,0.4422539067356987
26.854271356783922,-0.03324586786423343,5.016578049960657,-0.4078638000032405,0.43449330731153973
27.100502512562816,-0.01677539917612499,5.008342377434787,-0.4143302986762993,0.42711948802093047
27.34673366834171,0.005159917046268342,4.997374281370043,-0.42106256434167616,0.4200561086812903
27.592964824120603,0.01749146922225104,4.991208067573953,-0.42786539991943506,0.4131991593858946
27.8391959798995,0.019297396004136096,4.990304666738003,-0.43450592766762197,0.40642858110552715
28.085427135678394,0.01445432956813608,4.992725762792465,-0.4407545635156934,0.39962891299166425
28.331658291457288,0.0002230290954310756,4.999840976165863,-0.4464417547607968,0.3927172130924336
28.57788944723618,-0.02670754906385759,5.0133058287027685,-0.45151465315393446,0.38567024656646043
28.824120603015075,-0.05366936230561698,5.026786299121162,-0.45607051017994876,0.37853949187050034
29.070351758793972,-0.053968920442884885,5.026935642218054,-0.46034724999315774,0.371444618178655
29.316582914572866,-0.01565897893480807,5.007780194552643,-0.4646662445658603,0.3645435190718653
29.56281407035176,0.03630131156709034,4.981799643577408,-0.4693416425567981,0.35798657996495525
29.809045226130653,0.059596824115768866,4.9701514524970944,-0.4745857064150037,0.35187012060169814
30.05527638190955,0.03989045134188365,4.980004198973192,-0.48044324491646917,0.3462053709031016
30.301507537688444,0.005752490463419173,4.997072741223852,-0.48677843101599116,0.34091408919405647
30.547738693467338,-0.01016903779914644,5.005033066831398,-0.4933182048305665,0.33585222744076826
30.79396984924623,-0.01361618887488441,5.00675620371399,-0.4997361819966904,0.3308530013228518
31.04020100502513,-0.032836433944571856,5.016365887486951,-0.5057477389489883,0.325774400129961
31.286432160804022,-0.06307359195176755,5.031484027610351,-0.5111854381883969,0.3205358030498305
31.532663316582916,-0.05717091294200991,5.028532249107682,-0.5160336451968689,0.31513353593374954
31.77889447236181,0.007830697263851376,4.996031004889714,-0.5204170578380987,0.3096332904284422
32.02512562814071,0.07661576156904674,4.961638033505089,-0.5245531181205081,0.304144905418332
32.2713567839196,0.06821499892176215,4.965837975480202,-0.5286874493723187,0.298789399608346
32.517587939698494,-0.015396623308103806,5.007643347130606,-0.5330325084802753,0.29366841243278957
32.76381909547739,-0.07638522167719751,5.038137206735338,-0.5377241080443456,0.2888432248186779
33.01005025125628,-0.04213321998954637,5.021010766197446,-0.5428020403569503,0.2843261960110759
33.256281407035175,0.0364330545131785,4.981727189139151,-0.5482134788013924,0.2800836540392276
33.50251256281407,0.05386573381305328,4.973010409570936,-0.5538333531075437,0.2760470921508357
33.74874371859297,-0.002992437129655741,5.001439055014272,-0.5594946854755029,0.27212900562766945
33.99497487437186,-0.04308521878747702,5.021485005707253,-0.5650227045532885,0.2682402037055458
34.24120603015076,-0.013474569096465187,5.006679240620102,-0.5702678579636037,0.2643061520180884
34.48743718592965,0.022184533201617597,4.988849249126269,-0.5751336343982103,0.2602803500569921
34.733668341708544,-0.006126955431771957,5.003004552997768,-0.5795953200567183,0.2561529019036135
34.97989949748744,-0.05230614196170747,5.026093705720019,-0.5837060861419117,0.25195261807746017
35.22613065326633,-0.026555959508024356,5.013218173856046,-0.5875879323854996,0.24774158521264794
35.472361809045225,0.046098593806220826,4.97689045647092,-0.5914074324562036,0.2436023631230801
35.718592964824126,0.0498152273242108,4.975031564454314,-0.5953397126890934,0.2396196871810333
35.96482412060302,-0.03412997289888186,5.0170037447061855,-0.5995277498708752,0.23586031264576737
36.21105527638191,-0.08054557450534519,5.04021110444987,-0.6040466024572012,0.2323557961827309
36.45728643216081,-0.009941740900464534,5.004908747749937,-0.6088823638521026,0.22909297637954804
36.7035175879397,0.08260899830018319,4.9586329385255565,-0.6139328078312232,0.2260154041204791
36.949748743718594,0.07241492746043852,4.963729534181063,-0.6190312390033245,0.2230361972023916
37.19597989949749,-0.009993889276565172,5.004933502747894,-0.623988390028457,0.2200594869591429
37.44221105527638,-0.05005045275472331,5.024961344647439,-0.6286414533862605,0.21700485379609655
37.688442211055275,-0.03666712621641179,5.018269241501738,-0.6328965936355446,0.21382793453340307
37.934673366834176,-0.043265830801396454,5.021568153885034,-0.6367527613941885,0.2105312833408261
38.18090452261307,-0.06358380155766974,5.031726699325418,-0.6403000588115154,0.2071623964807506
38.42713567839196,-0.020777513828226526,5.010323115498787,-0.6436935489578257,0.2037996618946667
38.67336683417086,0.06708692749486053,4.966390454855969,-0.6471106690468041,0.20053056378645553
38.91959798994975,0.08737282119499577,4.956247068010239,-0.6507048626108038,0.19742856363526717
39.165829145728644,0.018502545455766073,4.990681765874937,-0.654568343640167,0.19453506560962106
39.41206030150754,-0.03367220845734573,5.016768702822822,-0.6587132566676486,0.19185091285705788
39.65829145728643,-0.01715137910500267,5.008507848140096,-0.6630744679756939,0.1893387740727364
39.90452261306533,-0.0036808270666607618,5.001772132122795,-0.667531012899208,0.18693468042448755
40.150753768844226,-0.034584297123906343,5.017223427168193,-0.6719387672413818,0.184564816463287
40.39698492462312,-0.04501738929508389,5.022439533292163,-0.6761652176060334,0.18216293009484413
40.64321608040201,0.0008441126605993612,4.999508342381357,-0.6801181792956974,0.17968432274226684
40.88944723618091,0.037256606849694084,4.981301655390031,-0.6837630386119665,0.17711382767553668
41.1356783919598,0.019387321830567093,4.9902358580469794,-0.6871263962142633,0.17446687731136173
41.381909547738694,-0.007558233410831075,5.003708195867417,-0.6902869156494092,0.17178422730726686
41.62814070351759,-0.010788724138276565,5.005323001491635,-0.6933562840141889,0.1691219291446438
41.87437185929648,-0.019570330359836085,5.009713364932475,-0.6964544572994962,0.16653872848106244
42.12060301507538,-0.035910308234985436,5.017882820438792,-0.6996839712903804,0.16408331346725166
42.366834170854275,-0.016592328984050848,5.008223404220306,-0.7031081665577137,0.16178381113383508
42.61306532663317,0.029774952770995712,4.9850393247293585,-0.706737645635867,0.1596416089608678
42.85929648241206,0.04237819098599321,4.97873726692637,-0.7105279992830638,0.157630894621715
43.10552763819096,0.014782265585541968,4.992534791483482,-0.7143897580541794,0.1557042446270319
43.35175879396985,-0.004451869066788863,5.002151420840897,-0.718208882782763,0.15380327903319027
43.597989949748744,-0.007711539536333656,5.003780818353067,-0.7218734715275481,0.15187212173630651
43.84422110552764,-0.024076840710214174,5.01196303148174,-0.725300492148083,0.14987053923341076
44.09045226130654,-0.04280354710698285,5.021325947501723,-0.728455931250776,0.14778350185505046
44.33668341708543,-0.0312311389917257,5.015539306563792,-0.7313630991165045,0.14562465865191257
44.582914572864325,0.00036453192453274504,4.999741034541956,-0.7340967245183357,0.14343270888908946
44.82914572864322,0.01844232747723956,4.990701700537482,-0.7367641712379687,0.14126150452251385
45.07537688442211,0.014472197865054218,4.9926863293882695,-0.7394785616732952,0.13916640264000682
45.321608040201006,-0.002584915645653275,5.00121445017616,-0.7423307820736197,0.13719040507875263
45.5678391959799,-0.016873149641852367,5.008358131166728,-0.7453676106899039,0.1353536660381565
45.814070351758794,-0.0018353895330277925,5.000838815062659,-0.7485814753098378,0.13364900272982727
46.06030150753769,0.041204254098014564,4.979318557153266,-0.751914133984012,0.13204439223131334
46.30653266331659,0.05640323813048233,4.971718628996958,-0.7552728355298028,0.13049156802721312
46.55276381909548,0.002750269290945362,4.9985446772286855,-0.7585543287598427,0.12893827798830834
46.798994974874375,-0.07488040673210652,5.037359579002531,-0.7616703109145424,0.12734094819769043
47.04522613065327,-0.09554880074233589,5.0476933397186485,-0.7645679327243673,0.1256745913777162
47.29145728643216,-0.04024896287649163,5.020042984443657,-0.7672406585314954,0.12393770723688172
47.537688442211056,0.0341987257450071,4.982818703736161,-0.7697275134266113,0.12215132758362934
47.78391959798995,0.06242500526387374,4.968705127523971,-0.7721017118969323,0.1203528426483547
48.030150753768844,0.0351753035860859,4.982329541852958,-0.7744520773500113,0.11858642138439475
48.27638190954774,-0.0008851423815868396,5.000359328268523,-0.7768620114144911,0.11689245972725144
48.52261306532664,-0.00953773110925632,5.004685232538802,-0.7793908917871911,0.11529848957526774
48.76884422110553,-0.011180159692714258,5.005505985908495,-0.782061824714068,0.1138134506319213
49.015075376884425,-0.03394136620375098,5.016886153427444,-0.7848580143422715,0.11242635871412981
49.26130653266332,-0.04878258859078313,5.024306326237531,-0.7877280634806582,0.1111094169565426
49.50753768844221,-0.00902438622732563,5.004426786379452,-0.7905986773561992,0.1098247052662986
49.753768844221106,0.060335367784358315,4.969746470714444,-0.7933918048652001,0.10853289517661674
50.0,0.07435582995319576,4.962735800857479,-0.7960424292626871,0.10720206946209301
